{"stats":{"minecraft:custom":{"minecraft:time_since_rest":34655,"minecraft:crouch_one_cm":793,"minecraft:sprint_one_cm":10670,"minecraft:play_time":40120,"minecraft:deaths":1,"minecraft:walk_one_cm":73298,"minecraft:sneak_time":612,"minecraft:mob_kills":1,"minecraft:jump":87,"minecraft:damage_dealt":119,"minecraft:leave_game":4,"minecraft:time_since_death":34628,"minecraft:total_world_time":40120,"minecraft:fall_one_cm":418,"minecraft:fly_one_cm":92858},"minecraft:used":{"minecraft:black_terracotta":1,"minecraft:lever":5,"minecraft:iron_bars":5,"minecraft:redstone_lamp":10,"minecraft:red_concrete":1,"minecraft:redstone":5,"minecraft:white_concrete":48,"webdisplays:screen":18},"minecraft:killed":{"minecraft:zombie":1},"minecraft:picked_up":{"webdisplays:minepad":1,"minecraft:redstone":3}},"DataVersion":3465}