{"stats":{"minecraft:custom":{"minecraft:time_since_rest":96487,"minecraft:crouch_one_cm":1125,"minecraft:sprint_one_cm":21582,"minecraft:play_time":101952,"minecraft:deaths":1,"minecraft:walk_one_cm":185672,"minecraft:sneak_time":1046,"minecraft:mob_kills":1,"minecraft:jump":189,"minecraft:damage_dealt":159,"minecraft:leave_game":8,"minecraft:time_since_death":96460,"minecraft:total_world_time":101952,"minecraft:fall_one_cm":418,"minecraft:fly_one_cm":253822},"minecraft:used":{"minecraft:black_terracotta":1,"minecraft:lever":5,"minecraft:iron_bars":5,"minecraft:redstone_lamp":10,"minecraft:red_concrete":1,"minecraft:redstone":5,"minecraft:white_concrete":48,"webdisplays:screencfg":5,"webdisplays:screen":40,"nfm:castle_netting":1},"minecraft:killed":{"minecraft:zombie":1},"minecraft:picked_up":{"webdisplays:minepad":1,"minecraft:redstone":3}},"DataVersion":3465}