{"stats":{"minecraft:killed":{"minecraft:zombie":1},"minecraft:picked_up":{"webdisplays:minepad":1},"minecraft:custom":{"minecraft:time_since_rest":11155,"minecraft:damage_dealt":119,"minecraft:crouch_one_cm":186,"minecraft:leave_game":3,"minecraft:play_time":16620,"minecraft:sprint_one_cm":7266,"minecraft:time_since_death":11128,"minecraft:walk_one_cm":19272,"minecraft:deaths":1,"minecraft:sneak_time":166,"minecraft:total_world_time":16620,"minecraft:mob_kills":1,"minecraft:fall_one_cm":418,"minecraft:fly_one_cm":24845,"minecraft:jump":16},"minecraft:used":{"minecraft:iron_bars":5,"minecraft:white_concrete":48,"webdisplays:screen":17,"minecraft:red_concrete":1}},"DataVersion":3465}