{"stats":{"minecraft:custom":{"minecraft:time_since_rest":47029,"minecraft:crouch_one_cm":995,"minecraft:sprint_one_cm":16574,"minecraft:play_time":52494,"minecraft:deaths":1,"minecraft:walk_one_cm":110688,"minecraft:sneak_time":689,"minecraft:mob_kills":1,"minecraft:jump":119,"minecraft:damage_dealt":119,"minecraft:leave_game":6,"minecraft:time_since_death":47002,"minecraft:total_world_time":52494,"minecraft:fall_one_cm":418,"minecraft:fly_one_cm":107778},"minecraft:used":{"minecraft:black_terracotta":1,"minecraft:lever":5,"minecraft:iron_bars":5,"minecraft:redstone_lamp":10,"minecraft:red_concrete":1,"minecraft:redstone":5,"minecraft:white_concrete":48,"webdisplays:screen":18,"nfm:castle_netting":1},"minecraft:killed":{"minecraft:zombie":1},"minecraft:picked_up":{"webdisplays:minepad":1,"minecraft:redstone":3}},"DataVersion":3465}