{"stats":{"minecraft:custom":{"minecraft:time_since_rest":39845,"minecraft:crouch_one_cm":889,"minecraft:sprint_one_cm":15942,"minecraft:play_time":45310,"minecraft:deaths":1,"minecraft:walk_one_cm":86066,"minecraft:sneak_time":650,"minecraft:mob_kills":1,"minecraft:jump":112,"minecraft:damage_dealt":119,"minecraft:leave_game":5,"minecraft:time_since_death":39818,"minecraft:total_world_time":45310,"minecraft:fall_one_cm":418,"minecraft:fly_one_cm":101712},"minecraft:used":{"minecraft:black_terracotta":1,"minecraft:lever":5,"minecraft:iron_bars":5,"minecraft:redstone_lamp":10,"minecraft:red_concrete":1,"minecraft:redstone":5,"minecraft:white_concrete":48,"webdisplays:screen":18,"nfm:castle_netting":1},"minecraft:killed":{"minecraft:zombie":1},"minecraft:picked_up":{"webdisplays:minepad":1,"minecraft:redstone":3}},"DataVersion":3465}