{"stats":{"minecraft:custom":{"minecraft:jump":11,"minecraft:time_since_rest":2444,"minecraft:damage_dealt":119,"minecraft:crouch_one_cm":186,"minecraft:leave_game":2,"minecraft:play_time":7909,"minecraft:sprint_one_cm":7266,"minecraft:deaths":1,"minecraft:time_since_death":2417,"minecraft:walk_one_cm":12436,"minecraft:sneak_time":72,"minecraft:total_world_time":7909,"minecraft:mob_kills":1,"minecraft:fall_one_cm":418,"minecraft:fly_one_cm":14179},"minecraft:killed":{"minecraft:zombie":1}},"DataVersion":3465}