{"stat.useItem.minecraft.quartz_block":11514,"stat.pickup.minecraft.redstone_torch":3,"stat.useItem.minecraft.repeater":136,"stat.leaveGame":44,"stat.useItem.minecraft.skull":15,"stat.useItem.minecraft.glowstone":687,"stat.swimOneCm":498,"stat.drop.minecraft.skull":1,"stat.useItem.minecraft.gray_shulker_box":1,"stat.useItem.minecraft.nether_brick_stairs":1486,"stat.useItem.minecraft.fire_charge":1,"stat.useItem.minecraft.obsidian":1,"stat.useItem.minecraft.redstone_torch":28,"stat.useItem.minecraft.dirt":16,"stat.useItem.minecraft.water_bucket":1,"stat.useItem.minecraft.rail":4,"stat.useItem.minecraft.spruce_fence_gate":824,"stat.flyOneCm":12260875,"stat.killEntity.Villager":5,"stat.pickup.minecraft.redstone":38,"stat.timeSinceDeath":889724,"stat.useItem.minecraft.sign":84,"stat.useItem.minecraft.spawn_egg":3,"stat.useItem.minecraft.iron_door":1,"stat.drop.minecraft.repeater":2,"stat.useItem.minecraft.lever":69,"stat.pickup.minecraft.light_weighted_pressure_plate":1,"stat.drop.minecraft.wool":5,"stat.talkedToVillager":2,"stat.drop.minecraft.spawn_egg":1,"stat.drop.minecraft.stone_slab":1,"stat.useItem.minecraft.minecart":3,"stat.useItem.minecraft.redstone":2379,"stat.useItem.minecraft.milk_bucket":12,"stat.drop.minecraft.stained_hardened_clay":1,"stat.useItem.minecraft.spruce_fence":37,"stat.sprintOneCm":373500,"stat.useItem.minecraft.stained_glass":344,"stat.useItem.minecraft.fence":54,"stat.useItem.minecraft.stone_stairs":156,"stat.drop.minecraft.potion":1,"stat.useItem.minecraft.dark_oak_door":10,"stat.useItem.minecraft.stone_slab":1586,"stat.pickup.minecraft.potion":1,"stat.pickup.minecraft.fireworks":2154,"stat.useItem.minecraft.flint_and_steel":1,"stat.useItem.minecraft.stone_pressure_plate":15,"stat.pickup.minecraft.lever":4,"stat.drop":27,"stat.playOneMinute":889724,"stat.pickup.minecraft.stone_button":8,"stat.useItem.minecraft.banner":401,"stat.useItem.minecraft.ladder":1,"stat.pickup.minecraft.fire_charge":126,"stat.chestOpened":2,"stat.useItem.minecraft.sticky_piston":920,"stat.pickup.minecraft.sign":8,"stat.useItem.minecraft.stone":7132,"stat.useItem.minecraft.quartz_stairs":1405,"stat.useItem.minecraft.heavy_weighted_pressure_plate":1,"stat.useItem.minecraft.carpet":46,"stat.useItem.minecraft.potion":41,"stat.useItem.minecraft.stained_glass_pane":868,"stat.useItem.minecraft.bedrock":1,"stat.jump":2999,"stat.useItem.minecraft.iron_trapdoor":150,"stat.drop.minecraft.stone":3,"stat.crouchOneCm":59648,"stat.useItem.minecraft.stone_button":70,"stat.useItem.minecraft.light_weighted_pressure_plate":4,"stat.drop.minecraft.glass":3,"stat.craftingTableInteraction":5,"stat.useItem.minecraft.glass":1873,"stat.useItem.minecraft.dispenser":17,"stat.drop.minecraft.barrier":1,"stat.useItem.minecraft.redstone_lamp":619,"stat.pickup.minecraft.comparator":1,"stat.pickup.minecraft.repeater":4,"stat.useItem.minecraft.dark_oak_fence":6,"stat.useItem.minecraft.stone_brick_stairs":414,"stat.dispenserInspected":31,"stat.useItem.minecraft.acacia_door":6,"stat.pickup.minecraft.oak_stairs":1,"stat.pickup.minecraft.lead":1,"stat.useItem.minecraft.enchanting_table":1,"stat.damageDealt":129,"stat.drop.minecraft.carpet":2,"stat.useItem.minecraft.wool":5841,"stat.useItem.minecraft.crafting_table":3,"stat.useItem.minecraft.iron_bars":1515,"stat.walkOneCm":641904,"stat.useItem.minecraft.torch":23,"stat.useItem.minecraft.chest":3,"stat.drop.minecraft.fire_charge":126,"stat.useItem.minecraft.comparator":1836,"stat.useItem.minecraft.cobblestone":171,"stat.useItem.minecraft.tnt":81,"stat.useItem.minecraft.dark_oak_fence_gate":13,"stat.minecartOneCm":2362,"stat.pickup.minecraft.stone":1,"stat.useItem.minecraft.stained_hardened_clay":3564,"stat.useItem.minecraft.fireworks":12,"stat.useItem.minecraft.concrete":105,"stat.useItem.minecraft.glass_pane":7,"stat.pickup.minecraft.banner":2,"stat.useItem.minecraft.barrier":243,"stat.drop.minecraft.comparator":2,"stat.mobKills":5,"stat.useItem.minecraft.wooden_pressure_plate":1,"stat.useItem.minecraft.cobblestone_wall":431,"stat.pickup.minecraft.torch":1,"stat.sneakTime":50620,"stat.pickup.minecraft.wool":2,"stat.drop.minecraft.quartz_block":1}